,City,Country,Date,Humidity,Lat,Lng,Max Temp,Wind Speed
0,Hermanus,ZA,1577131683,88,-34.42,19.24,289.26,5.28
1,Puerto Ayora,EC,1577131683,65,-0.74,-90.35,301.15,6.7
2,Hobart,AU,1577131480,71,-42.88,147.33,285.15,3.1
3,Nikolskoye,RU,1577131683,93,59.7,30.79,277.15,2.0
4,Ushuaia,AR,1577131454,87,-54.81,-68.31,284.15,11.8
5,Tuatapere,NZ,1577131683,79,-46.13,167.69,284.82,0.45
6,Kampong Thum,KH,1577131684,74,12.71,104.89,294.94,3.28
7,Byron Bay,AU,1577131684,88,-28.65,153.62,297.04,0.58
8,Biltine,TD,1577131684,18,14.53,20.93,292.18,2.71
9,Rikitea,PF,1577131684,81,-23.12,-134.97,296.89,4.84
10,Albany,US,1577131567,49,42.65,-73.75,284.15,3.1
11,New Norfolk,AU,1577131684,71,-42.78,147.06,285.15,3.1
12,Arraial do Cabo,BR,1577131685,88,-22.97,-42.02,301.15,9.3
13,Kangaatsiaq,GL,1577131685,75,68.31,-53.46,264.22,4.09
14,Mataura,NZ,1577131685,79,-46.19,168.86,284.82,0.45
15,Lata,IN,1577131685,30,30.78,78.62,262.06,1.86
16,Lompoc,US,1577131685,93,34.64,-120.46,287.59,4.81
17,Pangody,RU,1577131685,95,65.85,74.49,256.61,6.31
18,Upernavik,GL,1577131686,72,72.79,-56.15,256.22,1.54
19,Chuy,UY,1577131686,57,-33.69,-53.46,294.5,5.46
20,Lingyuan,CN,1577131686,87,41.24,119.4,260.33,2.15
21,Kupang,ID,1577131686,76,-10.16,123.6,301.87,4.87
22,Otradnoye,RU,1577131686,93,59.77,30.8,277.15,2.0
23,Antalaha,MG,1577131686,82,-14.9,50.28,300.41,10.9
24,Touros,BR,1577131686,55,-5.2,-35.46,303.15,7.2
25,Manta,RO,1577131687,87,45.1,24.1,278.01,0.57
26,Bluff,AU,1577131687,75,-23.58,149.07,296.09,1.33
27,Sola,TZ,1577131687,83,-3.17,33.8,293.06,1.89
28,Mar del Plata,AR,1577131687,47,-46.43,-67.52,289.55,7.43
29,Katsuura,JP,1577131687,81,33.93,134.5,282.04,4.1
30,Dutlwe,BW,1577131687,38,-23.98,23.93,301.0,2.57
31,Provideniya,RU,1577131688,72,64.42,-173.23,261.15,5.0
32,Turukhansk,RU,1577131688,92,65.8,87.96,259.84,6.62
33,Ocean City,US,1577131688,71,30.44,-86.61,287.15,5.7
34,Punta Arenas,CL,1577131688,53,-53.16,-70.91,284.15,11.3
35,The Valley,AI,1577131688,69,18.22,-63.06,303.15,6.2
36,Grindavik,IS,1577131688,86,63.84,-22.43,274.15,2.6
37,Miri,NG,1577131689,15,10.31,9.75,291.15,2.24
38,Atuona,PF,1577131689,61,-9.8,-139.03,299.89,4.49
39,Port Augusta,AU,1577131689,88,-32.49,137.76,293.15,2.1
40,Cape Town,ZA,1577131635,77,-33.93,18.42,291.48,3.1
41,Longyearbyen,NO,1577131689,68,78.22,15.63,271.15,2.6
42,Nanortalik,GL,1577131689,71,60.14,-45.24,271.58,3.3
43,Bandarbeyla,SO,1577131689,72,9.49,50.81,298.25,10.84
44,Chokurdakh,RU,1577131689,95,70.62,147.9,244.31,0.36
45,Port Alfred,ZA,1577131690,91,-33.59,26.89,292.59,4.47
46,Sydney Mines,CA,1577131690,84,46.24,-60.22,273.71,4.6
47,Shushtar,IR,1577131690,56,32.05,48.86,286.54,1.16
48,De Aar,ZA,1577131690,31,-30.65,24.01,298.5,3.88
49,Goderich,CA,1577131585,79,43.74,-81.71,282.59,5.81
50,Ribeira Grande,PT,1577131690,76,38.52,-28.7,287.15,2.1
51,La Ronge,CA,1577131691,92,55.1,-105.3,268.15,3.1
52,Butaritari,KI,1577131691,81,3.07,172.79,300.67,8.85
53,Paragominas,BR,1577131691,60,-3.0,-47.35,302.7,2.09
54,Nichinan,JP,1577131691,75,31.65,131.31,279.82,2.24
55,Fukue,JP,1577131691,76,35.03,136.69,283.15,4.1
56,Broome,GB,1577131692,81,52.47,1.45,280.93,5.7
57,Pisco,PE,1577131692,30,-13.71,-76.2,295.37,8.7
58,Castro,CL,1577131692,81,-42.48,-73.76,285.15,3.1
59,Chumikan,RU,1577131692,75,54.72,135.31,244.2,6.02
60,Victoria,BN,1577131459,94,5.28,115.24,298.15,1.5
61,Trat,TH,1577131692,78,12.25,102.51,300.0,2.39
62,Shimoda,JP,1577131692,88,34.7,138.93,277.59,11.67
63,Berlevag,NO,1577131693,75,70.86,29.09,274.13,6.05
64,Petropavlovsk-Kamchatskiy,RU,1577131693,70,53.05,158.65,252.15,6.0
65,Yellowknife,CA,1577131458,83,62.45,-114.38,253.71,2.1
66,Kawalu,ID,1577131693,87,-7.38,108.21,294.31,0.82
67,Qaanaaq,GL,1577131693,96,77.48,-69.36,253.17,1.76
68,Kamenka,MD,1577131693,90,48.03,28.7,282.59,1.34
69,Cockburn Town,TC,1577131694,61,21.46,-71.14,301.15,6.2
70,East London,ZA,1577131694,52,-33.02,27.91,300.89,4.27
71,Sidi Ali,DZ,1577131694,85,36.1,0.42,285.54,0.25
72,Namatanai,PG,1577131694,75,-3.66,152.44,302.24,4.19
73,Berezovyy,RU,1577131694,81,51.67,135.7,243.05,1.96
74,Saint-Joseph,FR,1577131694,37,43.56,6.97,286.15,1.5
75,Umm Lajj,SA,1577131694,63,25.02,37.27,291.58,1.78
76,Waipawa,NZ,1577131694,93,-39.94,176.59,287.04,0.45
77,Kidal,ML,1577131695,10,18.44,1.41,294.53,4.91
78,Avarua,CK,1577131588,94,-21.21,-159.78,296.15,6.7
79,Norman Wells,CA,1577131695,65,65.28,-126.83,236.15,0.47
80,Torbay,CA,1577131598,67,47.66,-52.73,269.82,2.6
81,Banjar,ID,1577131695,92,-7.37,108.54,296.22,0.71
82,Haines Junction,CA,1577131695,97,60.75,-137.51,263.17,3.74
83,Luganville,VU,1577131695,74,-15.51,167.18,299.15,4.1
84,Nisia Floresta,BR,1577131695,62,-6.09,-35.21,303.15,8.2
85,Saskylakh,RU,1577131696,91,71.97,114.09,244.53,1.4
86,Vaini,IN,1577131696,71,15.34,74.49,292.52,2.71
87,Fortuna,US,1577131696,87,40.6,-124.16,284.26,2.77
88,Bougouni,ML,1577131696,14,11.42,-7.49,296.97,2.1
89,Juneau,US,1577131462,86,58.3,-134.42,276.15,10.3
90,Beaverlodge,CA,1577131614,92,55.21,-119.43,260.15,3.1
91,Barranca,PE,1577131697,89,-10.75,-77.76,293.62,5.74
92,Barrow,AR,1577131697,15,-38.31,-60.23,307.99,9.59
93,Hovd,NO,1577131697,92,63.83,10.7,279.26,2.6
94,Mahebourg,MU,1577131697,78,-20.41,57.7,300.15,6.7
95,Carnarvon,ZA,1577131697,20,-30.97,22.13,295.0,5.09
96,Clyde River,CA,1577131698,83,70.47,-68.59,247.15,0.88
97,Jamestown,AU,1577131698,36,-33.21,138.6,295.01,2.67
98,Busselton,AU,1577131698,53,-33.64,115.35,289.26,4.87
99,Kita,JP,1577131698,66,35.76,139.74,282.15,11.8
100,San Andres,PH,1577131536,87,13.32,122.68,295.85,2.76
101,Caravelas,BR,1577131699,79,-17.73,-39.27,297.63,5.3
102,Lorengau,PG,1577131699,76,-2.02,147.27,301.82,3.9
103,Kirakira,SB,1577131699,81,-10.46,161.92,299.86,1.7
104,Mount Darwin,ZW,1577131699,56,-16.77,31.58,293.09,1.73
105,Ouesso,CG,1577131699,59,1.61,16.05,298.63,1.41
106,Kathu,ZA,1577131699,47,-27.7,23.05,299.26,4.86
107,Sainte-Agathe-des-Monts,CA,1577131700,75,46.05,-74.28,278.71,3.6
108,Luderitz,NA,1577131700,77,-26.65,15.16,290.15,3.6
109,Saint-Philippe,CA,1577131700,81,45.36,-73.48,280.15,11.3
110,Bathsheba,BB,1577131700,66,13.22,-59.52,303.15,9.8
111,Codrington,AU,1577131700,94,-28.95,153.24,296.15,2.6
112,Kapaa,US,1577131700,94,22.08,-159.32,298.15,3.1
113,Faanui,PF,1577131700,89,-16.48,-151.75,298.53,5.34
114,Garzon,FR,1577131701,100,47.81,-3.64,286.48,5.1
115,Kavieng,PG,1577131701,75,-2.57,150.8,302.25,5.1
116,Constantine,DZ,1577131701,75,36.36,6.61,280.15,4.1
117,Chakrata,IN,1577131701,56,30.7,77.87,279.31,2.35
118,Warrington,GB,1577131701,87,53.39,-2.59,280.15,4.1
119,Anadyr,RU,1577131702,84,64.73,177.51,254.15,7.0
120,Hithadhoo,MV,1577131702,83,-0.6,73.08,300.12,7.32
121,Thompson,CA,1577131702,92,55.74,-97.86,262.15,1.5
122,Kaitangata,NZ,1577131702,87,-46.28,169.85,283.15,0.89
123,Geraldton,CA,1577131424,72,49.72,-86.95,265.15,3.1
124,Parkes,AU,1577131703,55,-33.14,148.18,296.48,0.89
125,Road Town,VG,1577131515,62,18.42,-64.62,302.15,4.1
126,Hilo,US,1577131629,73,19.71,-155.08,297.59,2.6
127,Paciran,ID,1577131703,87,-6.9,112.33,298.78,1.08
128,Sur,OM,1577131703,43,22.57,59.53,292.61,2.62
129,Innisfail,AU,1577131704,89,-17.52,146.03,297.63,1.29
130,Baruun-Urt,MN,1577131704,87,46.68,113.28,257.58,0.56
131,Ponta do Sol,BR,1577131704,88,-20.63,-46.0,295.14,1.94
132,Formosa,BR,1577131704,86,-15.55,-47.33,296.62,1.04
133,Bethel,US,1577131704,77,60.79,-161.76,255.15,9.3
134,Hamilton,CA,1577131625,65,43.26,-79.87,283.15,7.2
135,Wangaratta,AU,1577131704,67,-36.36,146.32,294.15,2.6
136,Zhezkazgan,KZ,1577131704,86,47.8,67.71,257.59,1.25
137,Kumluca,TR,1577131705,90,36.37,30.29,283.86,5.82
138,Udachnyy,RU,1577131705,75,66.42,112.4,247.15,2.0
139,Kahului,US,1577131705,69,20.89,-156.47,298.15,1.5
140,Concepcion del Oro,MX,1577131705,37,24.63,-101.42,288.06,3.03
141,Mahuva,IN,1577131705,70,21.09,71.76,297.99,3.62
142,Siocon,PH,1577131705,92,11.03,124.04,296.48,4.02
143,Licheng,CN,1577131706,86,24.5,110.4,283.06,1.9
144,Iqaluit,CA,1577131706,77,63.75,-68.52,257.15,1.5
145,Cherskiy,RU,1577131706,92,68.75,161.3,241.47,0.99
146,Pevek,RU,1577131706,98,69.7,170.27,243.06,1.54
147,Santa Marta,CO,1577131706,59,11.24,-74.21,306.15,1.5
148,Nantucket,US,1577131707,66,41.28,-70.1,283.15,4.1
149,Barcelos,BR,1577131707,82,-0.97,-62.93,299.0,1.51
150,Dikson,RU,1577131707,93,73.51,80.55,255.84,6.32
151,Tasiilaq,GL,1577131707,56,65.61,-37.64,262.15,2.1
152,Saint George,GR,1577131707,76,39.45,22.34,283.15,2.1
153,Tuktoyaktuk,CA,1577131707,75,69.44,-133.03,246.15,2.6
154,Buala,SB,1577131707,81,-8.15,159.59,300.51,1.59
155,Ciudad Real,ES,1577131707,100,38.99,-3.93,283.15,1.19
156,Coihaique,CL,1577131708,47,-45.58,-72.07,287.15,5.1
157,Kiama,AU,1577131708,93,-34.67,150.86,293.71,2.1
158,Ambilobe,MG,1577131708,84,-13.19,49.05,298.72,0.18
159,Hasaki,JP,1577131708,93,35.73,140.83,277.04,3.6
160,Plettenberg Bay,ZA,1577131708,86,-34.05,23.37,291.49,2.79
161,Leningradskiy,RU,1577131708,96,69.38,178.42,248.61,6.83
162,Yatou,CM,1577131709,83,3.63,9.81,301.15,1.45
163,Bima,ID,1577131709,92,-8.45,118.73,296.19,0.39
164,Amuntai,ID,1577131709,91,-2.42,115.25,296.34,0.42
165,Moose Factory,CA,1577131709,85,51.26,-80.61,266.15,5.1
166,Bambous Virieux,MU,1577131709,78,-20.34,57.76,300.15,6.7
167,Whittlesea,AU,1577131709,71,-37.51,145.12,288.15,3.6
168,Westport,US,1577131709,57,41.14,-73.36,286.15,5.7
169,Manavalakurichi,IN,1577131710,94,8.13,77.3,300.15,1.5
170,Burns Lake,CA,1577131710,89,54.23,-125.76,265.43,1.06
171,Souillac,FR,1577131710,93,45.6,-0.6,284.15,5.1
172,Usvyaty,RU,1577131710,95,55.75,30.75,278.51,0.72
173,Maniitsoq,GL,1577131710,50,65.42,-52.9,265.67,2.55
174,Bage,IN,1577131710,91,12.95,75.85,291.42,1.59
175,Kota Kinabalu,MY,1577131711,100,5.98,116.07,298.15,1.5
176,Russell,US,1577131711,40,38.9,-98.86,287.04,5.1
177,Namibe,AO,1577131711,85,-15.19,12.15,295.92,3.43
178,Maningrida,AU,1577131711,81,-12.05,134.23,299.6,1.17
179,Najran,SA,1577131711,44,17.54,44.22,289.15,0.9
180,Deputatskiy,RU,1577131712,100,69.3,139.9,239.75,0.57
181,Marawi,PH,1577131712,92,8.0,124.29,297.04,2.24
182,Balingasay,PH,1577131712,78,16.36,119.86,299.25,4.64
183,Kautokeino,NO,1577131712,100,69.01,23.04,261.27,0.18
184,Ust-Kalmanka,RU,1577131712,88,52.12,83.31,261.03,2.87
185,Henties Bay,NA,1577131713,89,-22.12,14.28,289.82,0.45
186,Temyasovo,RU,1577131713,42,52.99,58.1,271.15,12.0
187,Alofi,NU,1577131713,83,-19.06,-169.92,301.15,1.5
188,Half Moon Bay,US,1577131713,71,37.46,-122.43,285.93,3.1
189,Wamba,CD,1577131713,71,2.14,27.99,293.38,0.52
190,Limon,US,1577131713,11,39.26,-103.69,291.48,0.9
191,Bredasdorp,ZA,1577131713,72,-34.53,20.04,291.15,0.5
192,Soe,EE,1577131714,93,57.91,26.05,278.15,0.72
193,Port Elizabeth,US,1577131714,37,39.31,-74.98,286.48,2.6
194,Necochea,AR,1577131714,28,-38.55,-58.74,302.12,2.94
195,Guiglo,CI,1577131714,37,6.55,-7.5,299.37,1.4
196,Gamba,CN,1577131714,43,28.28,88.52,261.58,0.6
197,Vardo,US,1577131715,52,39.62,-77.74,286.48,1.5
198,Balsas,BR,1577131715,69,-7.53,-46.04,301.02,1.44
199,Klaksvik,FO,1577131715,93,62.23,-6.59,277.15,3.73
200,Salalah,OM,1577131715,30,17.01,54.1,295.15,2.6
201,Rusera,IN,1577131715,56,25.75,86.02,287.2,1.97
202,Bilma,NE,1577131715,10,18.69,12.92,289.84,3.04
203,Belmonte,PT,1577131715,52,40.36,-7.35,282.59,8.94
204,Crateus,BR,1577131716,26,-5.18,-40.68,306.5,4.1
205,Slave Lake,CA,1577131716,92,55.28,-114.77,259.15,4.1
206,Severo-Yeniseyskiy,RU,1577131716,98,60.37,93.04,253.54,1.92
207,Ballina,IE,1577131716,100,54.11,-9.15,278.71,2.1
208,Khatanga,RU,1577131716,92,71.98,102.47,246.19,3.34
209,Wahiawa,US,1577131716,88,21.5,-158.02,300.37,1.5
210,Cayenne,GF,1577131716,88,4.94,-52.33,300.15,4.1
211,Ilulissat,GL,1577131525,64,69.22,-51.1,256.15,0.5
212,Mawlaik,MM,1577131717,89,23.63,94.42,287.01,1.01
213,Honiara,SB,1577131717,100,-9.43,159.96,297.15,1.0
214,Narsimhapur,IN,1577131717,67,17.14,74.26,293.29,3.84
215,Lubango,AO,1577131717,85,-14.92,13.49,289.93,0.4
216,Tsalka,GE,1577131717,40,41.6,44.09,273.92,3.84
217,Ravar,IR,1577131717,38,31.27,56.81,280.49,0.4
218,Tongchuan,CN,1577131718,86,34.9,108.95,274.15,3.0
219,Alanya,TR,1577131718,93,36.55,32.0,287.15,3.1
220,Karratha,AU,1577131718,72,-20.74,116.85,302.54,5.25
221,Tiksi,RU,1577131718,100,71.64,128.87,249.23,1.96
222,Broken Hill,AU,1577131718,22,-31.97,141.45,298.15,5.96
223,Yumen,CN,1577131718,77,40.29,97.04,262.76,1.45
224,Jiwani,PK,1577131719,42,25.05,61.74,296.53,4.69
225,Beinamar,TD,1577131719,24,8.67,15.38,295.26,2.25
226,Lebu,ET,1577131719,71,8.96,38.73,286.19,0.42
227,Rocha,UY,1577131719,32,-34.48,-54.34,298.0,2.86
228,Puerto Escondido,MX,1577131719,79,15.86,-97.07,303.15,3.1
229,Kizema,RU,1577131719,97,61.11,44.83,274.14,2.9
230,Kodiak,US,1577131719,41,39.95,-94.76,287.59,6.7
231,Matane,CA,1577131720,86,48.83,-67.52,272.15,9.3
232,Takoradi,GH,1577131720,82,4.89,-1.75,301.2,3.05
233,Skibotn,NO,1577131720,92,69.39,20.27,273.15,7.2
234,Corinto,CO,1577131720,58,3.17,-76.26,303.15,1.5
235,Valparaiso,US,1577131506,66,41.47,-87.06,286.48,2.6
236,Amahai,ID,1577131720,77,-3.31,129.0,301.01,2.6
237,Georgetown,GY,1577131720,83,6.8,-58.16,301.15,5.1
238,Ahmadpur East,PK,1577131721,29,29.14,71.26,288.17,2.48
239,San Cristobal,HN,1577131721,75,14.68,-86.92,295.13,4.61
240,Candido Mendes,BR,1577131721,72,-1.45,-45.72,300.36,2.78
241,Cabedelo,BR,1577131721,58,-6.97,-34.84,303.15,7.2
242,Muroto,JP,1577131721,78,33.37,134.14,278.23,2.34
243,Cabo San Lucas,MX,1577131604,64,22.89,-109.91,300.37,1.0
244,Sibolga,ID,1577131721,98,1.74,98.78,295.26,1.31
245,Alice Springs,AU,1577131722,18,-23.7,133.88,300.15,4.63
246,Maloy,ID,1577131722,98,1.0,118.1,296.01,1.38
247,Lloydminster,CA,1577131565,100,53.28,-110.01,268.15,1.0
248,Tateyama,JP,1577131722,91,36.66,137.31,278.71,0.89
249,Yarada,IN,1577131722,66,17.65,83.27,297.94,5.73
250,Porto Torres,IT,1577131722,58,40.84,8.4,287.15,6.7
251,Jacareacanga,BR,1577131723,66,-6.22,-57.76,306.15,2.1
252,Neryungri,RU,1577131723,95,56.66,124.71,239.41,1.69
253,Beloha,MG,1577131723,63,-25.17,45.06,299.07,5.62
254,Charters Towers,AU,1577131723,78,-20.07,146.27,296.1,2.83
255,Nalut,LY,1577131723,56,31.86,10.98,286.67,2.38
256,Nouadhibou,MR,1577131723,38,20.93,-17.03,296.15,4.1
257,Gilbues,BR,1577131723,35,-9.83,-45.34,304.32,0.85
258,Mecca,SA,1577131573,64,21.43,39.83,295.9,1.61
259,Bonthe,SL,1577131724,80,7.53,-12.5,300.17,3.0
260,Gondanglegi,ID,1577131724,88,-7.75,112.01,297.3,0.38
261,Sobolevo,RU,1577131724,98,54.43,31.9,280.39,2.44
262,Sydney,AU,1577131424,88,-33.85,151.22,294.82,1.21
263,Lavrentiya,RU,1577131724,86,65.58,-170.99,256.41,4.48
264,Bintulu,MY,1577131724,94,3.17,113.03,297.15,0.5
265,Dedougou,BF,1577131725,9,12.47,-3.47,297.88,4.39
266,Vestmannaeyjar,IS,1577131725,88,63.44,-20.27,276.99,4.14
267,Ust-Ilimsk,RU,1577131725,88,57.96,102.73,249.18,0.75
268,Placido de Castro,BR,1577131725,96,-10.34,-67.19,298.47,1.0
269,Skibbereen,IE,1577131725,87,51.55,-9.27,279.15,5.1
270,Mount Kisco,US,1577131725,46,41.2,-73.73,287.15,3.1
271,Lerwick,GB,1577131725,93,60.15,-1.15,275.15,1.77
272,Leshukonskoye,RU,1577131726,94,64.9,45.76,263.96,4.62
273,Lagoa,PT,1577131726,100,37.14,-8.45,288.15,2.1
274,Dudinka,RU,1577131726,84,69.41,86.18,260.15,12.0
275,Cambe,BR,1577131726,43,-23.28,-51.28,305.15,4.6
276,Ahipara,NZ,1577131726,100,-35.17,173.16,293.71,0.89
277,Taonan,CN,1577131726,90,45.34,122.78,253.9,3.76
278,Chapais,CA,1577131727,86,49.78,-74.86,270.15,7.7
279,Bodden Town,KY,1577131727,74,19.28,-81.25,302.59,4.1
280,Padang,ID,1577131727,96,-0.92,100.36,293.38,1.38
281,Waingapu,ID,1577131727,70,-9.65,120.26,302.53,1.94
282,Guerrero Negro,MX,1577131727,51,27.97,-114.04,294.12,4.86
283,Dingle,PH,1577131727,88,11.0,122.67,294.67,3.53
284,Polyarnyy,RU,1577131728,86,69.2,33.45,270.15,3.0
285,Yeniseysk,RU,1577131728,97,58.45,92.17,253.64,3.09
286,Sao Joao da Barra,BR,1577131728,69,-21.64,-41.05,301.15,5.1
287,Narsaq,GL,1577131728,46,60.91,-46.05,271.15,3.6
288,Bud,NO,1577131728,86,62.91,6.91,273.15,3.6
289,Constitucion,MX,1577131728,22,23.99,-104.67,293.15,3.1
290,Solsona,ES,1577131728,79,41.99,1.52,283.71,0.45
291,San Patricio,PY,1577131728,39,-26.98,-56.83,301.76,1.4
292,Talnakh,RU,1577131729,84,69.49,88.39,260.15,12.0
293,Karaton,ID,1577131729,78,-6.34,106.1,299.15,2.6
294,Buritizeiro,BR,1577131729,88,-17.37,-44.96,297.24,1.19
295,Shitanjing,CN,1577131729,66,39.23,106.34,266.78,0.42
296,Buchanan,LR,1577131729,88,5.88,-10.05,300.15,1.52
297,Canyon Lake,US,1577131730,87,33.68,-117.26,288.15,1.5
298,Gat,SN,1577131730,21,14.69,-16.54,301.15,4.1
299,Teya,MX,1577131730,53,21.05,-89.07,298.15,4.6
300,Aktau,KZ,1577131730,63,43.65,51.16,273.15,7.0
301,Mahibadhoo,MV,1577131730,86,3.78,72.97,298.25,3.88
302,Richards Bay,ZA,1577131730,89,-28.77,32.06,297.58,8.83
303,Greensburg,US,1577131730,87,30.83,-90.67,289.26,5.1
304,Hervey Bay,AU,1577131731,83,-25.3,152.85,296.48,0.44
305,Ostrovnoy,RU,1577131731,91,68.05,39.51,266.26,7.26
306,Lensk,RU,1577131731,99,60.71,114.91,241.11,1.89
307,Trzebnica,PL,1577131731,87,51.31,17.06,280.37,6.2
308,Rawson,AR,1577131731,63,-43.3,-65.11,289.56,7.65
309,Esperance,AU,1577131731,82,-33.86,121.89,290.15,2.1
310,Buraydah,SA,1577131731,20,26.33,43.97,288.15,3.1
311,Diapaga,BF,1577131732,12,12.07,1.79,294.98,2.98
312,Flinders,AU,1577131732,93,-34.58,150.85,293.71,2.1
313,Barcelona,ES,1577131732,66,41.38,2.18,287.04,3.1
314,Kashipur,IN,1577131732,72,29.21,78.96,284.05,1.53
315,Palmer,AU,1577131732,87,-34.85,139.16,290.37,1.0
316,Komsomolskiy,RU,1577131732,99,67.55,63.78,245.76,2.44
317,Ovalle,CL,1577131718,30,-30.6,-71.2,299.63,4.49
318,Kurayoshi,JP,1577131733,87,35.43,133.83,281.15,3.1
319,Barra do Corda,BR,1577131733,57,-5.5,-45.25,302.89,0.5
320,Azare,NG,1577131733,14,11.67,10.19,292.32,3.66
321,Port Hardy,CA,1577131733,86,50.7,-127.42,278.15,1.5
322,Xining,CN,1577131733,49,36.62,101.77,264.33,1.89
323,Grand Gaube,MU,1577131733,78,-20.01,57.66,300.15,6.7
324,Labuhan,ID,1577131733,91,-2.54,115.51,296.34,0.42
325,Khani,GE,1577131734,23,41.96,42.96,289.15,10.3
326,Airai,TL,1577131734,92,-8.93,125.41,292.19,1.35
327,Mega,ET,1577131734,64,4.06,38.32,292.48,4.13
328,Vozrozhdeniye,RU,1577131734,100,60.86,28.96,275.37,1.0
329,Glace Bay,CA,1577131734,84,46.2,-59.96,273.71,4.6
330,Seoul,KR,1577131542,92,37.57,126.98,271.15,1.0
331,Milton,AU,1577131735,93,-35.32,150.44,290.15,2.1
332,Bemidji,US,1577131735,79,47.48,-94.89,271.48,3.1
333,Flin Flon,CA,1577131735,92,54.77,-101.88,265.15,1.5
334,Los Llanos de Aridane,ES,1577131735,68,28.66,-17.92,292.15,2.6
335,Ciro Marina,IT,1577131735,53,39.37,17.13,284.15,4.6
336,Meulaboh,ID,1577131735,81,4.14,96.13,300.1,3.19
337,Fairbanks,US,1577131557,75,64.84,-147.72,250.93,0.84
338,Srednekolymsk,RU,1577131736,97,67.46,153.71,244.03,1.75
339,Sterling,US,1577131736,46,39.0,-77.4,287.15,1.5
340,Nabire,ID,1577131736,98,-3.36,135.5,295.8,0.98
341,Kalmunai,LK,1577131736,78,7.42,81.82,300.67,4.17
342,Krasnorechenskiy,RU,1577131736,87,44.63,135.35,249.92,2.2
343,Astoria,US,1577131736,87,46.19,-123.83,282.04,1.5
344,Vikersund,NO,1577131737,100,59.97,9.99,274.82,2.1
345,Paamiut,GL,1577131737,72,61.99,-49.67,270.22,2.66
346,Acapulco,MX,1577131737,70,16.86,-99.88,303.15,3.1
347,Burkburnett,US,1577131737,34,34.1,-98.57,292.04,3.6
348,Emba,CY,1577131737,72,34.81,32.42,292.15,5.1
349,Oktyabrskiy,RU,1577131737,93,55.61,37.97,280.37,3.0
350,Pilar,AR,1577131627,28,-34.46,-58.91,305.93,5.1
351,Thomasville,US,1577131718,100,35.88,-80.08,283.15,2.1
352,Slonim,BY,1577131738,97,53.09,25.32,279.13,2.84
353,Mogadishu,SO,1577131738,80,2.04,45.34,300.06,9.31
354,Dalvik,SE,1577131738,100,57.79,14.13,276.48,1.5
355,Tabou,CI,1577131738,84,4.42,-7.36,299.11,1.75
356,Elizabethton,US,1577131738,67,36.35,-82.21,288.71,4.1
357,Rincon,PA,1577131738,74,8.46,-82.28,303.15,3.1
358,San Martin Sacatepequez,GT,1577131739,52,14.82,-91.65,307.15,6.2
359,Polis,CY,1577131739,72,35.04,32.42,292.15,5.1
360,Aljezur,PT,1577131739,99,37.31,-8.8,288.15,0.89
361,Nuuk,GL,1577131739,79,64.17,-51.74,267.15,1.0
362,Safakulevo,RU,1577131739,96,54.99,62.54,269.14,4.83
363,Krasnogvardeyets,RU,1577131740,70,46.16,39.17,281.55,5.17
364,Praia da Vitoria,PT,1577131740,82,38.73,-27.07,288.15,1.88
365,Comodoro Rivadavia,AR,1577131740,30,-45.87,-67.48,294.15,8.2
366,Pitimbu,BR,1577131740,58,-7.47,-34.81,303.15,7.2
367,Jawhar,IN,1577131740,72,19.91,73.23,295.34,0.75
368,Pemba,MZ,1577131740,94,-12.97,40.52,301.15,3.1
369,Coronado,PA,1577131741,70,8.53,-79.9,303.15,3.1
370,Same,TL,1577131741,92,-9.0,125.65,292.19,1.35
371,Atar,MR,1577131741,13,20.52,-13.05,295.87,4.31
372,Suzhou,CN,1577131741,99,31.3,120.58,284.26,5.5
373,Puerto Colombia,CO,1577131476,66,10.99,-74.96,305.15,4.6
374,Redmond,US,1577131679,81,47.67,-122.12,280.15,3.6
375,Vila,IT,1577131742,64,45.18,8.4,284.15,1.5
376,Port Macquarie,AU,1577131742,100,-31.43,152.91,294.82,1.5
377,Kiunga,PG,1577131742,99,-6.12,141.3,296.46,0.86
378,Victor Harbor,AU,1577131742,87,-35.55,138.62,292.04,1.0
379,Te Anau,NZ,1577131742,77,-45.41,167.72,280.04,0.52
380,Pestovo,RU,1577131743,93,55.36,37.98,280.37,3.0
381,Filadelfia,PY,1577131743,28,-22.35,-60.04,305.19,3.02
382,Omboue,GA,1577131743,92,-1.57,9.26,297.96,1.05
383,Culiacancito,MX,1577131743,35,24.82,-107.53,303.71,4.1
384,Atambua,ID,1577131743,86,-9.11,124.89,296.89,1.48
385,Petrozavodsk,RU,1577131743,98,61.79,34.39,273.15,0.13
386,Sao Filipe,CV,1577131744,74,14.9,-24.5,296.19,3.29
387,Pangnirtung,CA,1577131744,65,66.15,-65.72,258.15,1.0
388,Jinchang,CN,1577131744,43,38.52,102.19,264.77,0.61
389,Ampanihy,MG,1577131744,61,-24.69,44.75,300.59,4.02
390,Husavik,CA,1577131744,78,50.56,-96.99,264.82,1.38
391,Arsk,RU,1577131744,79,56.09,49.88,270.15,5.0
392,Chernyshevskiy,RU,1577131745,98,63.01,112.47,238.32,2.1
393,Santa Vitoria do Palmar,BR,1577131745,57,-33.52,-53.37,294.5,5.46
394,Ngunguru,NZ,1577131745,79,-35.62,174.5,292.04,1.34
395,Viransehir,TR,1577131745,69,37.24,39.76,280.88,6.2
396,Mount Isa,AU,1577131745,36,-20.73,139.49,297.15,2.4
397,Petatlan,MX,1577131746,59,17.52,-101.27,306.15,4.6
398,Havelock,US,1577131528,87,34.88,-76.9,287.15,6.2
399,Garowe,SO,1577131661,66,8.41,48.48,295.11,5.91
400,Santa Cruz de Tenerife,ES,1577131746,93,28.47,-16.25,293.71,1.0
401,Pouebo,NC,1577131746,68,-20.4,164.57,296.28,1.46
402,Sestri Levante,IT,1577131746,26,44.27,9.41,287.15,3.1
403,Kalmar,SE,1577131747,100,56.66,16.36,278.15,1.06
404,Aswan,EG,1577131722,20,24.09,32.9,286.73,2.44
405,Hit,IQ,1577131747,34,33.64,42.83,285.42,3.89
406,Cloquet,US,1577131747,68,46.72,-92.46,274.26,4.6
407,Thohoyandou,ZA,1577131747,70,-22.97,30.46,295.55,0.99
408,Progreso,UY,1577131748,19,-34.68,-56.22,300.37,3.6
409,Kununurra,AU,1577131748,83,-15.77,128.74,298.15,1.5
410,Svetlogorsk,RU,1577131748,42,53.14,59.15,271.15,12.0
411,Thouars,FR,1577131748,100,46.98,-0.22,283.15,4.6
412,Armidale,AU,1577131748,70,-30.51,151.67,290.37,0.89
413,Cuencame,MX,1577131749,26,24.87,-103.7,294.84,2.14
414,Rayong,TH,1577131749,83,12.68,101.28,298.71,1.5
415,Stonewall,CA,1577131749,67,50.13,-97.33,265.15,1.81
416,Murdochville,CA,1577131749,91,48.96,-65.49,267.35,3.79
417,Mukhen,RU,1577131749,89,48.19,136.14,249.99,4.13
418,Bosaso,SO,1577131749,69,11.28,49.18,298.02,6.72
419,Kizukuri,JP,1577131749,48,40.81,140.39,272.04,3.58
420,Dunedin,NZ,1577131701,98,-45.87,170.5,283.71,1.34
421,Bonavista,CA,1577131750,86,48.65,-53.11,265.93,0.89
422,Togul,RU,1577131750,95,53.47,85.91,261.21,3.37
423,Normandin,CA,1577131750,81,48.84,-72.53,275.15,4.6
424,Vila Velha,BR,1577131750,58,-3.71,-38.6,303.15,6.2
425,Ustye,RU,1577131750,97,58.76,27.79,276.63,0.9
426,Shieli,KZ,1577131750,83,44.18,66.74,265.33,3.88
427,Zadar,HR,1577131751,93,44.12,15.24,282.59,1.5
428,Drovyanaya,RU,1577131751,67,51.58,113.05,243.15,2.0
429,Vila Franca do Campo,PT,1577131751,72,37.72,-25.43,289.15,2.1
430,Severo-Kurilsk,RU,1577131751,94,50.68,156.12,266.73,3.97
431,Sucre,BO,1577131751,55,-19.05,-65.26,290.15,7.7
432,Paldiski,EE,1577131751,75,59.35,24.08,278.15,2.1
433,Canmore,CA,1577131752,100,51.09,-115.35,273.71,4.1
434,Vanavara,RU,1577131752,97,60.35,102.28,247.59,1.44
435,Suez,EG,1577131752,46,29.97,32.54,287.13,2.59
436,Staicele,LV,1577131752,98,57.83,24.75,277.59,0.98
437,Black River,JM,1577131752,88,18.03,-77.85,303.71,1.0
438,Matadi,CD,1577131752,95,-5.83,13.46,297.23,2.25
439,Alamos,AR,1577131752,23,-36.9,-62.36,307.83,9.05
440,Farafangana,MG,1577131753,80,-22.82,47.83,299.31,6.96
441,Ancud,CL,1577131753,81,-41.87,-73.83,285.15,3.1
442,Rio Gallegos,AR,1577131476,37,-51.62,-69.22,286.15,14.9
443,Port Hedland,AU,1577131753,83,-20.31,118.58,301.15,2.6
444,Boa Vista,BR,1577131753,55,2.82,-60.67,305.15,4.1
445,Yueyang,CN,1577131753,86,29.36,113.12,279.32,3.4
446,Saldanha,PT,1577131753,88,41.42,-6.55,281.51,1.46
447,Port-de-Bouc,FR,1577131658,75,43.4,4.98,284.26,2.1
448,Xingyi,CN,1577131754,90,24.19,102.82,280.68,1.24
449,Dabhol,IN,1577131754,71,17.6,73.17,300.42,1.43
450,Praya,ID,1577131754,90,-8.71,116.27,292.71,0.88
451,Amarpur,IN,1577131754,73,23.52,91.65,286.13,2.04
452,Hinganghat,IN,1577131754,88,20.55,78.84,291.15,0.89
453,Aripuana,BR,1577131754,95,-9.17,-60.63,298.36,1.87
454,Vostok,RU,1577131755,98,46.45,135.83,245.81,2.38
455,Saraland,US,1577131755,81,30.82,-88.07,286.48,5.1
456,Kildare,IE,1577131566,86,53.16,-6.91,279.26,2.6
457,Iracoubo,GF,1577131755,82,5.48,-53.21,300.16,8.63
458,Puerto Madryn,AR,1577131755,26,-42.77,-65.04,294.83,11.37
459,Albanel,CA,1577131662,81,48.88,-72.44,275.15,4.6
460,Tutoia,BR,1577131755,66,-2.76,-42.27,303.15,8.7
461,Huarmey,PE,1577131756,57,-10.07,-78.15,297.88,3.86
462,Makakilo City,US,1577131756,88,21.35,-158.09,300.37,1.5
463,Kohlu,PK,1577131756,40,29.9,69.25,277.26,0.48
464,General Pico,AR,1577131756,21,-35.66,-63.75,308.61,5.75
465,Fort Nelson,CA,1577131756,76,58.81,-122.69,249.15,1.5
466,Vung Tau,VN,1577131756,88,10.35,107.08,296.61,2.95
467,Talara,PE,1577131757,100,-4.58,-81.27,290.15,6.7
468,Pombas,BR,1577131757,78,-15.9,-54.74,300.66,2.4
469,Kushima,JP,1577131757,75,31.5,131.29,279.82,2.24
470,Rantepao,ID,1577131757,95,-2.97,119.9,292.54,1.13
471,Atakpame,TG,1577131757,15,7.53,1.13,298.57,1.39
472,Ilhabela,BR,1577131758,83,-23.78,-45.36,297.23,1.3
473,Las Margaritas,MX,1577131758,73,16.32,-91.98,289.94,2.06
474,Yar-Sale,RU,1577131758,93,66.83,70.83,252.15,9.54
475,Suntar,RU,1577131758,95,62.16,117.65,239.23,2.28
476,Negara,ID,1577131758,77,-8.36,114.62,300.32,1.61
477,Margate,AU,1577131758,71,-43.03,147.26,285.37,3.1
478,Havre-Saint-Pierre,CA,1577131759,44,50.23,-63.6,267.15,4.1
479,Rebrikha,RU,1577131759,92,53.08,82.34,259.72,5.19
480,Ketchikan,US,1577131602,81,55.34,-131.65,279.15,4.6
481,Victoria,BN,1577131459,94,5.28,115.24,298.15,1.5
482,Luanda,AO,1577131204,74,-8.83,13.24,301.15,4.1
483,Macouria,GF,1577131759,88,5.01,-52.47,300.15,4.1
484,Almeria,ES,1577131759,66,36.84,-2.46,288.15,1.0
485,Moron,HT,1577131760,68,18.56,-74.26,300.39,0.7
486,Pochutla,MX,1577131760,48,15.74,-96.47,305.37,4.1
487,Sikonge,TZ,1577131760,88,-5.63,32.75,294.15,2.6
488,Skagen,SE,1577131760,100,58.6,13.44,276.15,3.1
489,Mitsamiouli,KM,1577131760,72,-11.38,43.28,301.95,3.26
490,Newport,GB,1577131540,87,51.59,-3.0,281.48,3.6
491,Luzhou,CN,1577131760,73,28.89,105.45,282.03,1.82
492,Lasa,CY,1577131761,72,34.92,32.53,292.15,5.1
493,Morganton,US,1577131761,93,35.75,-81.69,284.26,6.2
494,Kaeo,NZ,1577131761,79,-35.1,173.78,293.71,1.34
495,Maldonado,UY,1577131646,47,-34.91,-54.96,298.15,3.6
496,Axim,GH,1577131761,86,4.87,-2.24,299.58,1.48
497,Saquarema,BR,1577131761,88,-22.93,-42.51,301.15,9.3
498,Boffa,GN,1577131762,77,10.18,-14.04,298.51,2.2
499,Mahon,IE,1577131762,87,51.89,-8.4,279.15,5.1
500,North Bend,US,1577131762,76,43.41,-124.22,282.59,1.5
501,Adolfo Lopez Mateos,MX,1577131762,34,26.8,-109.39,299.82,1.79
502,Manali,IN,1577131762,37,32.25,77.19,272.39,3.42
503,Druzhba,UA,1577131762,85,52.05,33.94,280.51,5.93
504,Andapa,MG,1577131762,88,-14.66,49.65,291.75,1.38
505,Craig,US,1577131763,68,40.52,-107.55,277.59,0.44
506,Porto Empedocle,IT,1577131763,69,37.29,13.53,284.82,1.79
507,Brae,GB,1577131763,92,60.4,-1.35,275.15,2.59
508,Swan Hill,AU,1577131763,21,-35.34,143.56,292.82,4.69
509,Doha,QA,1577131763,55,25.29,51.53,292.15,3.6
510,Hauterive,CA,1577131764,92,49.18,-68.27,272.15,5.1
511,Dakar,SN,1577131470,21,14.69,-17.45,301.15,4.1
512,Binzhou,CN,1577131764,75,37.38,117.96,272.59,2.02
513,Nongstoin,IN,1577131764,94,25.52,91.27,278.17,2.19
514,Bundaberg,AU,1577131764,83,-24.87,152.35,296.48,1.36
515,Klobuck,PL,1577131764,93,50.9,18.94,278.71,5.1
516,Kilembe,UG,1577131764,75,0.2,30.01,292.43,1.0
517,Tanabe,JP,1577131765,93,33.73,135.39,278.71,10.01
518,Nome,US,1577131765,46,30.04,-94.42,294.82,5.1
519,Andros Town,BS,1577131765,78,24.73,-77.79,300.15,7.2
520,Kanigoro,ID,1577131765,88,-8.13,112.22,297.3,0.38
521,Senneterre,CA,1577131765,80,48.39,-77.24,272.15,4.1
522,Konice,CZ,1577131765,75,49.59,16.89,280.37,5.7
523,Bilibino,RU,1577131766,62,68.06,166.44,246.81,2.05
524,Sitka,US,1577131766,23,37.17,-99.65,291.35,5.07
525,Smithers,CA,1577131766,85,54.78,-127.17,265.15,3.6
526,Ahuimanu,US,1577131766,88,21.44,-157.84,300.37,1.5
527,Jonesboro,US,1577131700,51,35.84,-90.7,290.93,3.6
528,Aklavik,CA,1577131766,67,68.22,-135.01,243.15,3.6
